{
  "dataset": "mmlu_pro",
  "experiment": "w_o_cot_control",
  "seed": 3407,
  "train_time_sec": 0.6991082500026096,
  "eval_time_sec": 0.01619566600129474,
  "peak_memory_mb": 0.09965896606445312,
  "avg_steps": 1.0,
  "accuracy": 0.375
}