{
  "dataset": "cmmcot",
  "experiment": "w_o_cot_control",
  "seed": 3407,
  "train_time_sec": 0.7006432909984142,
  "eval_time_sec": 0.015312165996874683,
  "peak_memory_mb": 0.07936573028564453,
  "avg_steps": 1.0,
  "accuracy": 0.35
}