{
  "dataset": "scienceqa",
  "experiment": "discrete_evolving_attention",
  "seed": 3407,
  "test": {
    "split": "test",
    "loss": 4.505364227294922,
    "accuracy": 0.175,
    "count": 40,
    "avg_steps": 5.0,
    "avg_attn_entropy": 4.563134002685547,
    "avg_stop_prob": 0.47128193974494936,
    "eval_time_sec": 0.013231125005404465
  }
}