{
  "dataset": "mmlu_pro",
  "experiment": "w_o_self_validation",
  "seed": 3407,
  "train_time_sec": 1.8789044589939294,
  "eval_time_sec": 0.05202229099813849,
  "peak_memory_mb": 0.12374401092529297,
  "avg_steps": 5.0,
  "accuracy": 0.325
}