{
  "dataset": "cmmcot",
  "experiment": "discrete_evolving_attention",
  "seed": 3407,
  "train_time_sec": 0.6390665829967475,
  "eval_time_sec": 0.018249999993713573,
  "peak_memory_mb": 0.08352375030517578,
  "avg_steps": 5.0,
  "accuracy": 0.225
}