{
  "dataset": "cmmcot",
  "experiment": "discrete_evolving_attention",
  "seed": 3407,
  "test": {
    "split": "test",
    "loss": 3.225079154968262,
    "accuracy": 0.225,
    "count": 40,
    "avg_steps": 5.0,
    "avg_attn_entropy": 4.563180446624756,
    "avg_stop_prob": 0.4132795810699463,
    "eval_time_sec": 0.018249999993713573
  }
}