{
  "simple_acc": 0.7287735849056604,
  "difficulty_acc": 0.7133427628477134,
  "noise_10_acc": 0.5260551756661165,
  "noise_20_acc": 0.4397547748172601
}