{
  "dataset": "scienceqa",
  "experiment": "w_o_cot_control",
  "seed": 3407,
  "test": {
    "split": "test",
    "loss": 4.1777866840362545,
    "accuracy": 0.3,
    "count": 40,
    "avg_steps": 1.0,
    "avg_attn_entropy": 4.5642250061035154,
    "avg_stop_prob": 0.5959778785705566,
    "eval_time_sec": 0.01615429100638721
  }
}