{
  "dataset": "scienceqa",
  "experiment": "w_o_cot_control",
  "seed": 3407,
  "epochs": 3,
  "best_val_accuracy": 0.26666666666666666,
  "epoch_logs": [
    {
      "epoch": 1,
      "train_loss": 4.349307696024577,
      "train_accuracy": 0.25833333333333336,
      "val_loss": 3.9288361072540283,
      "val_accuracy": 0.26666666666666666
    },
    {
      "epoch": 2,
      "train_loss": 2.9590599377950033,
      "train_accuracy": 0.36666666666666664,
      "val_loss": 4.780117511749268,
      "val_accuracy": 0.2
    },
    {
      "epoch": 3,
      "train_loss": 2.7060774485270183,
      "train_accuracy": 0.35,
      "val_loss": 3.2306175231933594,
      "val_accuracy": 0.16666666666666666
    }
  ]
}