{
  "dataset": "scienceqa",
  "experiment": "w_o_multimodal",
  "seed": 3407,
  "test": {
    "split": "test",
    "loss": 3.50107626914978,
    "accuracy": 0.175,
    "count": 40,
    "avg_steps": 5.0,
    "avg_attn_entropy": 4.562918186187744,
    "avg_stop_prob": 0.5348060131072998,
    "eval_time_sec": 0.053235166997183114
  }
}