{
  "dataset": "dummy_scienceqa",
  "experiment": "liquid_clip_run",
  "seed": 3407,
  "train_time_sec": 822.0969270840287,
  "eval_time_sec": 29.69274697639048,
  "peak_memory_mb": 8.2769193649292,
  "avg_steps": 1.0,
  "accuracy": 0.4053289318556944
}