{
  "simple_acc": 0.4108490566037736,
  "difficulty_acc": 0.3998114097123998,
  "noise_10_acc": 0.4020278236265032,
  "noise_20_acc": 0.4020278236265032
}