{
  "dataset": "cmmcot",
  "experiment": "w_o_cross_step",
  "seed": 3407,
  "test": {
    "split": "test",
    "loss": 3.2122770309448243,
    "accuracy": 0.225,
    "count": 40,
    "avg_steps": 5.0,
    "avg_attn_entropy": 4.563179016113281,
    "avg_stop_prob": 0.49237448573112486,
    "eval_time_sec": 0.05183304198726546
  }
}