{
  "dataset": "cmmcot",
  "experiment": "w_o_cross_step",
  "seed": 3407,
  "epochs": 3,
  "best_val_accuracy": 0.4666666666666667,
  "epoch_logs": [
    {
      "epoch": 1,
      "train_loss": 3.714941056569417,
      "train_accuracy": 0.23333333333333334,
      "val_loss": 2.9553864002227783,
      "val_accuracy": 0.4666666666666667
    },
    {
      "epoch": 2,
      "train_loss": 2.7719062010447186,
      "train_accuracy": 0.3333333333333333,
      "val_loss": 3.1277880668640137,
      "val_accuracy": 0.3333333333333333
    },
    {
      "epoch": 3,
      "train_loss": 2.4668617089589437,
      "train_accuracy": 0.26666666666666666,
      "val_loss": 1.6485813856124878,
      "val_accuracy": 0.43333333333333335
    }
  ]
}