{
  "dataset": "scienceqa",
  "experiment": "static_self_validation",
  "seed": 3407,
  "test": {
    "split": "test",
    "loss": 4.507938241958618,
    "accuracy": 0.175,
    "count": 40,
    "avg_steps": 5.0,
    "avg_attn_entropy": 4.563094711303711,
    "avg_stop_prob": 0.5470484018325805,
    "eval_time_sec": 0.012455290998332202
  }
}