{
  "dataset": "scienceqa",
  "experiment": "w_o_cross_step",
  "seed": 3407,
  "train_time_sec": 1.8957785410020733,
  "eval_time_sec": 0.04931958400993608,
  "peak_memory_mb": 0.10463428497314453,
  "avg_steps": 5.0,
  "accuracy": 0.175
}