{
  "dataset": "scienceqa",
  "experiment": "w_o_cross_step",
  "seed": 3407,
  "test": {
    "split": "test",
    "loss": 4.520079040527344,
    "accuracy": 0.175,
    "count": 40,
    "avg_steps": 5.0,
    "avg_attn_entropy": 4.563523674011231,
    "avg_stop_prob": 0.5475345134735108,
    "eval_time_sec": 0.04931958400993608
  }
}