{
  "dataset": "scienceqa",
  "experiment": "w_o_cross_step",
  "seed": 3407,
  "epochs": 3,
  "best_val_accuracy": 0.26666666666666666,
  "epoch_logs": [
    {
      "epoch": 1,
      "train_loss": 4.543669780095418,
      "train_accuracy": 0.275,
      "val_loss": 4.083584785461426,
      "val_accuracy": 0.26666666666666666
    },
    {
      "epoch": 2,
      "train_loss": 2.85652650197347,
      "train_accuracy": 0.375,
      "val_loss": 4.420157432556152,
      "val_accuracy": 0.2
    },
    {
      "epoch": 3,
      "train_loss": 2.708172607421875,
      "train_accuracy": 0.3416666666666667,
      "val_loss": 4.013031005859375,
      "val_accuracy": 0.26666666666666666
    }
  ]
}