{
  "dataset": "scienceqa",
  "experiment": "liquid_full",
  "seed": 3407,
  "train_time_sec": 1.8718395000032615,
  "eval_time_sec": 0.05313612500322051,
  "peak_memory_mb": 0.10509014129638672,
  "avg_steps": 5.0,
  "accuracy": 0.175
}