{
  "dataset": "scienceqa",
  "experiment": "liquid_full",
  "seed": 3407,
  "test": {
    "split": "test",
    "loss": 4.5200807571411135,
    "accuracy": 0.175,
    "count": 40,
    "avg_steps": 5.0,
    "avg_attn_entropy": 4.563523674011231,
    "avg_stop_prob": 0.5475345373153686,
    "eval_time_sec": 0.05313612500322051
  }
}