{
  "dataset": "mmlu_pro",
  "experiment": "w_o_multimodal",
  "seed": 3407,
  "train_time_sec": 1.923186749991146,
  "eval_time_sec": 0.054177166006411426,
  "peak_memory_mb": 0.11731147766113281,
  "avg_steps": 5.0,
  "accuracy": 0.25
}