{
  "dataset": "cmmcot",
  "experiment": "reflective_cot",
  "seed": 3407,
  "test": {
    "split": "test",
    "loss": 3.0938729763031008,
    "accuracy": 0.275,
    "count": 40,
    "avg_steps": 5.0,
    "avg_attn_entropy": 4.563125324249268,
    "avg_stop_prob": 0.4390722274780273,
    "eval_time_sec": 0.018672083009732887
  }
}