{
  "dataset": "dummy_scienceqa",
  "experiment": "liquid_final_run",
  "seed": 3407,
  "train_time_sec": 812.4991533756256,
  "eval_time_sec": 28.607290841639042,
  "peak_memory_mb": 8.27674674987793,
  "avg_steps": 1.0,
  "accuracy": 0.3999056826220231
}