{
  "simple_acc": 0.4028301886792453,
  "difficulty_acc": 0.396982555398397,
  "noise_10_acc": 0.40108464984673425,
  "noise_20_acc": 0.4015562367366187
}