{
  "dataset": "scienceqa",
  "experiment": "w_o_self_validation",
  "seed": 3407,
  "test": {
    "split": "test",
    "loss": 4.518208122253418,
    "accuracy": 0.175,
    "count": 40,
    "avg_steps": 5.0,
    "avg_attn_entropy": 4.563522720336914,
    "avg_stop_prob": 0.47253029346466063,
    "eval_time_sec": 0.051084457998513244
  }
}