{
  "dataset": "cmmcot",
  "experiment": "w_o_self_validation",
  "seed": 3407,
  "epochs": 3,
  "best_val_accuracy": 0.4666666666666667,
  "epoch_logs": [
    {
      "epoch": 1,
      "train_loss": 3.6896414756774902,
      "train_accuracy": 0.23333333333333334,
      "val_loss": 2.955061912536621,
      "val_accuracy": 0.4666666666666667
    },
    {
      "epoch": 2,
      "train_loss": 2.755625613530477,
      "train_accuracy": 0.3416666666666667,
      "val_loss": 3.124598979949951,
      "val_accuracy": 0.3333333333333333
    },
    {
      "epoch": 3,
      "train_loss": 2.4505697886149087,
      "train_accuracy": 0.26666666666666666,
      "val_loss": 1.6511566638946533,
      "val_accuracy": 0.43333333333333335
    }
  ]
}