{
  "dataset": "scienceqa",
  "experiment": "static_cot",
  "seed": 3407,
  "train_time_sec": 0.5179705000045942,
  "eval_time_sec": 0.012587874996825121,
  "peak_memory_mb": 0.13521766662597656,
  "avg_steps": 5.0,
  "accuracy": 0.175
}