{
  "dataset": "scienceqa",
  "experiment": "reflective_cot",
  "seed": 3407,
  "train_time_sec": 0.6278596670017578,
  "eval_time_sec": 0.014225999999325722,
  "peak_memory_mb": 0.0832681655883789,
  "avg_steps": 5.0,
  "accuracy": 0.275
}