{
  "dataset": "scienceqa",
  "experiment": "reflective_cot",
  "seed": 3407,
  "test": {
    "split": "test",
    "loss": 4.270884418487549,
    "accuracy": 0.275,
    "count": 40,
    "avg_steps": 5.0,
    "avg_attn_entropy": 4.5619346618652346,
    "avg_stop_prob": 0.5074016571044921,
    "eval_time_sec": 0.014225999999325722
  }
}