{
  "dataset": "mmlu_pro",
  "experiment": "liquid_full",
  "seed": 3407,
  "test": {
    "split": "test",
    "loss": 2.9122785568237304,
    "accuracy": 0.3,
    "count": 40,
    "avg_steps": 5.0,
    "avg_attn_entropy": 4.563667678833008,
    "avg_stop_prob": 0.5697940945625305,
    "eval_time_sec": 0.05284908300382085
  }
}