{
  "dataset": "mmlu_pro",
  "experiment": "static_cot",
  "seed": 3407,
  "train_time_sec": 0.5891297079942888,
  "eval_time_sec": 0.01214083400554955,
  "peak_memory_mb": 0.1026906967163086,
  "avg_steps": 5.0,
  "accuracy": 0.325
}