{
  "dataset": "mmlu_pro",
  "experiment": "static_cot",
  "seed": 3407,
  "test": {
    "split": "test",
    "loss": 2.9210256576538085,
    "accuracy": 0.325,
    "count": 40,
    "avg_steps": 5.0,
    "avg_attn_entropy": 4.562733840942383,
    "avg_stop_prob": 0.41836812496185305,
    "eval_time_sec": 0.01214083400554955
  }
}