{
  "dataset": "mmlu_pro",
  "experiment": "static_self_validation",
  "seed": 3407,
  "train_time_sec": 0.588483334009652,
  "eval_time_sec": 0.016186417007702403,
  "peak_memory_mb": 0.10291481018066406,
  "avg_steps": 5.0,
  "accuracy": 0.3
}