{
  "dataset": "mmlu_pro",
  "experiment": "static_self_validation",
  "seed": 3407,
  "test": {
    "split": "test",
    "loss": 2.9109320640563965,
    "accuracy": 0.3,
    "count": 40,
    "avg_steps": 5.0,
    "avg_attn_entropy": 4.562746047973633,
    "avg_stop_prob": 0.5698814868927002,
    "eval_time_sec": 0.016186417007702403
  }
}