{
  "dataset": "mmlu_pro",
  "experiment": "w_o_cross_step",
  "seed": 3407,
  "train_time_sec": 1.8617787920084083,
  "eval_time_sec": 0.04668824998952914,
  "peak_memory_mb": 0.11398792266845703,
  "avg_steps": 5.0,
  "accuracy": 0.3
}