{
  "dataset": "mmlu_pro",
  "experiment": "w_o_cross_step",
  "seed": 3407,
  "epochs": 3,
  "best_val_accuracy": 0.26666666666666666,
  "epoch_logs": [
    {
      "epoch": 1,
      "train_loss": 4.391438404719035,
      "train_accuracy": 0.3,
      "val_loss": 5.222523212432861,
      "val_accuracy": 0.06666666666666667
    },
    {
      "epoch": 2,
      "train_loss": 3.1034951845804852,
      "train_accuracy": 0.26666666666666666,
      "val_loss": 4.862321853637695,
      "val_accuracy": 0.26666666666666666
    },
    {
      "epoch": 3,
      "train_loss": 2.3027524312337238,
      "train_accuracy": 0.3416666666666667,
      "val_loss": 4.81456995010376,
      "val_accuracy": 0.23333333333333334
    }
  ]
}