{
  "dataset": "cmmcot",
  "experiment": "static_self_validation",
  "seed": 3407,
  "train_time_sec": 0.5878589170024497,
  "eval_time_sec": 0.014110125004663132,
  "peak_memory_mb": 0.0784463882446289,
  "avg_steps": 5.0,
  "accuracy": 0.225
}