{
  "dataset": "cmmcot",
  "experiment": "static_cot",
  "seed": 3407,
  "train_time_sec": 0.5825122500100406,
  "eval_time_sec": 0.014005417004227638,
  "peak_memory_mb": 0.08327865600585938,
  "avg_steps": 5.0,
  "accuracy": 0.225
}