{
  "dataset": "mmlu_pro",
  "experiment": "discrete_evolving_attention",
  "seed": 3407,
  "train_time_sec": 0.6454677500005346,
  "eval_time_sec": 0.01707795799302403,
  "peak_memory_mb": 0.10243892669677734,
  "avg_steps": 5.0,
  "accuracy": 0.325
}