{
  "dataset": "mmlu_pro",
  "experiment": "discrete_evolving_attention",
  "seed": 3407,
  "test": {
    "split": "test",
    "loss": 2.9210291862487794,
    "accuracy": 0.325,
    "count": 40,
    "avg_steps": 5.0,
    "avg_attn_entropy": 4.562718200683594,
    "avg_stop_prob": 0.41836812496185305,
    "eval_time_sec": 0.01707795799302403
  }
}