{
  "simple_acc": 0.4047169811320755,
  "difficulty_acc": 0.396982555398397,
  "noise_10_acc": 0.3989625088422542,
  "noise_20_acc": 0.40249941051638766
}