{
  "dataset": "scienceqa",
  "experiment": "static_cot",
  "seed": 3407,
  "epochs": 3,
  "best_val_accuracy": 0.26666666666666666,
  "epoch_logs": [
    {
      "epoch": 1,
      "train_loss": 4.525912666320801,
      "train_accuracy": 0.275,
      "val_loss": 4.0741167068481445,
      "val_accuracy": 0.26666666666666666
    },
    {
      "epoch": 2,
      "train_loss": 2.838810443878174,
      "train_accuracy": 0.375,
      "val_loss": 4.418391227722168,
      "val_accuracy": 0.2
    },
    {
      "epoch": 3,
      "train_loss": 2.6859170754750568,
      "train_accuracy": 0.3416666666666667,
      "val_loss": 3.9995641708374023,
      "val_accuracy": 0.26666666666666666
    }
  ]
}